Id,label
0.png,3
1.png,3
2.png,3
3.png,3
4.png,3
5.png,3
6.png,3
7.png,3
8.png,3
9.png,3
10.png,2
11.png,3
12.png,3
13.png,2
14.png,3
15.png,2
16.png,2
17.png,3
18.png,2
19.png,2
20.png,2
21.png,3
22.png,3
23.png,3
24.png,3
25.png,3
26.png,2
27.png,3
28.png,2
29.png,2
30.png,2
31.png,2
32.png,3
33.png,3
34.png,3
35.png,3
36.png,3
37.png,3
38.png,3
39.png,3
40.png,2
41.png,2
42.png,2
43.png,2
44.png,3
45.png,3
46.png,3
47.png,3
48.png,3
49.png,3
50.png,2
51.png,2
52.png,2
53.png,2
54.png,2
55.png,3
56.png,3
57.png,3
58.png,3
59.png,3
60.png,3
61.png,2
62.png,3
63.png,3
64.png,3
65.png,2
66.png,3
67.png,3
68.png,3
69.png,3
70.png,3
71.png,3
72.png,3
73.png,3
74.png,3
75.png,2
76.png,2
77.png,2
78.png,3
79.png,2
80.png,3
81.png,3
82.png,3
83.png,3
84.png,3
85.png,3
86.png,3
87.png,3
88.png,3
89.png,3
90.png,3
91.png,3
92.png,2
93.png,3
94.png,3
95.png,3
96.png,3
97.png,3
98.png,3
99.png,3
100.png,3
101.png,3
102.png,2
103.png,3
104.png,3
105.png,3
106.png,3
107.png,3
108.png,3
109.png,3
110.png,2
111.png,3
112.png,3
113.png,3
114.png,3
115.png,3
116.png,2
117.png,2
118.png,3
119.png,2
120.png,2
121.png,3
122.png,3
123.png,3
124.png,3
125.png,3
126.png,3
127.png,3
128.png,3
129.png,2
130.png,2
131.png,3
132.png,3
133.png,3
134.png,3
135.png,3
136.png,3
137.png,3
138.png,3
139.png,2
140.png,2
141.png,2
142.png,2
143.png,2
144.png,2
145.png,2
146.png,2
147.png,2
148.png,2
149.png,2
150.png,2
151.png,2
152.png,2
153.png,2
154.png,2
155.png,3
156.png,2
157.png,2
158.png,2
159.png,2
160.png,2
161.png,2
162.png,2
163.png,3
164.png,3
165.png,2
166.png,2
167.png,2
168.png,3
169.png,2
170.png,3
171.png,3
172.png,2
173.png,3
174.png,3
175.png,3
176.png,3
177.png,2
178.png,3
179.png,3
180.png,3
181.png,3
182.png,3
183.png,3
184.png,2
185.png,3
186.png,2
187.png,3
188.png,3
189.png,3
190.png,3
191.png,3
192.png,3
193.png,3
194.png,3
195.png,2
196.png,2
197.png,2
198.png,2
199.png,2
200.png,3
201.png,3
202.png,3
203.png,2
204.png,2
205.png,3
206.png,2
207.png,3
208.png,2
209.png,3
210.png,2
211.png,2
212.png,3
213.png,3
214.png,3
215.png,3
216.png,3
217.png,3
218.png,3
219.png,3
220.png,3
221.png,3
222.png,3
223.png,3
224.png,3
225.png,3
226.png,3
227.png,3
228.png,3
229.png,2
230.png,3
231.png,3
232.png,2
233.png,3
234.png,3
235.png,3
236.png,2
237.png,3
238.png,2
239.png,2
240.png,3
241.png,2
242.png,3
243.png,3
244.png,3
245.png,2
246.png,3
247.png,3
248.png,3
249.png,3
250.png,3
251.png,3
252.png,2
253.png,2
254.png,3
255.png,2
256.png,3
257.png,3
258.png,3
259.png,3
260.png,3
261.png,3
262.png,2
263.png,2
264.png,3
265.png,3
266.png,3
267.png,3
268.png,3
269.png,3
270.png,3
271.png,3
272.png,2
273.png,3
274.png,3
275.png,3
276.png,3
277.png,3
278.png,2
279.png,3
280.png,3
281.png,3
282.png,2
283.png,3
284.png,3
285.png,3
286.png,3
287.png,2
288.png,2
289.png,2
290.png,2
291.png,3
292.png,2
293.png,3
294.png,3
295.png,2
296.png,3
297.png,3
298.png,2
299.png,2
300.png,2
301.png,3
302.png,2
303.png,3
304.png,2
305.png,3
306.png,3
307.png,3
308.png,2
309.png,3
310.png,3
311.png,3
312.png,3
313.png,3
314.png,3
315.png,2
316.png,3
317.png,3
318.png,3
319.png,3
320.png,2
321.png,2
322.png,3
323.png,2
324.png,3
325.png,3
326.png,3
327.png,3
328.png,3
329.png,2
330.png,2
331.png,3
332.png,2
333.png,3
334.png,3
335.png,2
336.png,2
337.png,2
338.png,3
339.png,3
340.png,2
341.png,3
342.png,3
343.png,3
344.png,2
345.png,2
346.png,3
347.png,2
348.png,2
349.png,2
350.png,2
351.png,3
352.png,2
353.png,3
354.png,2
355.png,2
356.png,2
357.png,2
358.png,3
359.png,2
360.png,3
361.png,3
362.png,3
363.png,3
364.png,3
365.png,3
366.png,2
367.png,3
368.png,3
369.png,2
370.png,2
371.png,3
372.png,2
373.png,3
374.png,3
375.png,3
376.png,3
377.png,3
378.png,3
379.png,3
380.png,2
381.png,2
382.png,2
383.png,2
384.png,2
385.png,2
386.png,3
387.png,2
388.png,2
389.png,3
390.png,2
391.png,2
392.png,2
393.png,3
394.png,3
395.png,2
396.png,3
397.png,2
398.png,2
399.png,3
400.png,3
401.png,2
402.png,2
403.png,3
404.png,3
405.png,3
406.png,3
407.png,2
408.png,3
409.png,3
410.png,2
411.png,2
412.png,2
413.png,3
414.png,3
415.png,3
416.png,3
417.png,3
418.png,2
419.png,2
420.png,3
421.png,2
422.png,3
423.png,3
424.png,3
425.png,3
426.png,2
427.png,3
428.png,3
429.png,3
430.png,3
431.png,2
432.png,2
433.png,3
434.png,2
435.png,2
436.png,2
437.png,3
438.png,3
439.png,3
440.png,3
441.png,3
442.png,3
443.png,2
444.png,2
445.png,2
446.png,2
447.png,2
448.png,2
449.png,3
450.png,3
451.png,2
452.png,3
453.png,3
454.png,2
455.png,3
456.png,3
457.png,3
458.png,3
459.png,3
460.png,2
461.png,2
462.png,3
463.png,3
464.png,2
465.png,2
466.png,2
467.png,2
468.png,2
469.png,2
470.png,2
471.png,3
472.png,3
473.png,3
474.png,3
475.png,2
476.png,2
477.png,3
478.png,3
479.png,2
480.png,3
481.png,3
482.png,3
483.png,3
484.png,2
485.png,3
486.png,3
487.png,3
488.png,3
489.png,2
490.png,2
491.png,3
492.png,3
493.png,3
494.png,3
495.png,3
496.png,2
497.png,3
498.png,3
499.png,2
500.png,3
501.png,2
502.png,2
503.png,2
504.png,3
505.png,2
506.png,3
507.png,3
508.png,3
509.png,3
510.png,2
511.png,3
512.png,2
513.png,3
514.png,2
515.png,3
516.png,3
517.png,3
518.png,3
519.png,3
520.png,2
521.png,3
522.png,2
523.png,2
524.png,3
525.png,2
526.png,3
527.png,2
528.png,3
529.png,3
530.png,3
531.png,2
532.png,3
533.png,3
534.png,3
535.png,3
536.png,3
537.png,2
538.png,2
539.png,2
540.png,2
541.png,2
542.png,2
543.png,3
544.png,2
545.png,2
546.png,3
547.png,2
548.png,3
549.png,3
550.png,2
551.png,2
552.png,2
553.png,3
554.png,2
555.png,2
556.png,2
557.png,3
558.png,3
559.png,3
560.png,3
561.png,3
562.png,3
563.png,3
564.png,3
565.png,3
566.png,3
567.png,3
568.png,2
569.png,3
570.png,3
571.png,3
572.png,3
573.png,3
574.png,2
575.png,3
576.png,3
577.png,3
578.png,2
579.png,2
580.png,2
581.png,2
582.png,3
583.png,2
584.png,3
585.png,2
586.png,3
587.png,3
588.png,3
589.png,3
590.png,3
591.png,2
592.png,3
593.png,3
594.png,3
595.png,2
596.png,2
597.png,2
598.png,2
599.png,3
600.png,2
601.png,3
602.png,2
603.png,3
604.png,2
605.png,2
606.png,3
607.png,3
608.png,3
609.png,2
610.png,2
611.png,3
612.png,3
613.png,2
614.png,2
615.png,3
616.png,2
617.png,2
618.png,2
619.png,2
620.png,2
621.png,2
622.png,2
623.png,3
624.png,2
625.png,2
626.png,2
627.png,3
628.png,2
629.png,2
630.png,2
631.png,2
632.png,3
633.png,3
634.png,2
635.png,3
636.png,3
637.png,2
638.png,2
639.png,3
640.png,3
641.png,2
642.png,3
643.png,3
644.png,2
645.png,3
646.png,2
647.png,3
648.png,3
649.png,3
650.png,2
651.png,3
652.png,2
653.png,3
654.png,3
655.png,3
656.png,3
657.png,3
658.png,2
659.png,3
660.png,2
661.png,3
662.png,2
663.png,2
664.png,3
665.png,3
666.png,2
667.png,2
668.png,3
669.png,2
670.png,2
671.png,2
672.png,3
673.png,2
674.png,2
675.png,3
676.png,2
677.png,3
678.png,2
679.png,3
680.png,3
681.png,2
682.png,2
683.png,2
684.png,3
685.png,2
686.png,3
687.png,2
688.png,3
689.png,3
690.png,2
691.png,2
692.png,3
693.png,2
694.png,2
695.png,3
696.png,2
697.png,3
698.png,3
699.png,3
700.png,3
701.png,3
702.png,2
703.png,2
704.png,2
705.png,3
706.png,2
707.png,2
708.png,2
709.png,2
710.png,3
711.png,3
712.png,3
713.png,3
714.png,2
715.png,3
716.png,3
717.png,2
718.png,3
719.png,3
720.png,3
721.png,2
722.png,2
723.png,2
724.png,3
725.png,3
726.png,2
727.png,3
728.png,3
729.png,3
730.png,3
731.png,2
732.png,3
733.png,3
734.png,3
735.png,3
736.png,2
737.png,3
738.png,2
739.png,3
740.png,3
741.png,3
742.png,3
743.png,3
744.png,2
745.png,3
746.png,3
747.png,2
748.png,3
749.png,3
750.png,3
751.png,3
752.png,3
753.png,2
754.png,2
755.png,2
756.png,3
757.png,3
758.png,3
759.png,3
760.png,3
761.png,3
762.png,3
763.png,3
764.png,2
765.png,3
766.png,3
767.png,3
768.png,3
769.png,3
770.png,3
771.png,2
772.png,3
773.png,2
774.png,3
775.png,3
776.png,3
777.png,3
778.png,3
779.png,3
780.png,3
781.png,3
782.png,3
783.png,3
784.png,2
785.png,2
786.png,2
787.png,3
788.png,3
789.png,3
790.png,3
791.png,3
792.png,3
793.png,3
794.png,3
795.png,3
796.png,3
797.png,3
798.png,3
799.png,3
800.png,3
801.png,3
802.png,3
803.png,3
804.png,3
805.png,3
806.png,2
807.png,3
808.png,2
809.png,2
810.png,3
811.png,3
812.png,3
813.png,2
814.png,2
815.png,2
816.png,3
817.png,3
818.png,3
819.png,3
820.png,3
821.png,3
822.png,3
823.png,2
824.png,3
825.png,3
826.png,3
827.png,3
828.png,2
829.png,2
830.png,3
831.png,3
832.png,3
833.png,2
834.png,3
835.png,3
836.png,3
837.png,2
838.png,3
839.png,2
840.png,3
841.png,3
842.png,3
843.png,2
844.png,2
845.png,2
846.png,2
847.png,3
848.png,3
849.png,3
850.png,3
851.png,2
852.png,3
853.png,2
854.png,3
855.png,3
856.png,2
857.png,3
858.png,3
859.png,3
860.png,3
861.png,2
862.png,2
863.png,3
864.png,3
865.png,3
866.png,3
867.png,3
868.png,2
869.png,3
870.png,3
871.png,2
872.png,2
873.png,3
874.png,2
875.png,3
876.png,3
877.png,3
878.png,3
879.png,2
880.png,2
881.png,2
882.png,2
883.png,2
884.png,2
885.png,2
886.png,2
887.png,3
888.png,2
889.png,2
890.png,3
891.png,2
892.png,2
893.png,3
894.png,3
895.png,2
896.png,2
897.png,3
898.png,2
899.png,3
900.png,3
901.png,2
902.png,3
903.png,3
904.png,2
905.png,3
906.png,3
907.png,3
908.png,3
909.png,3
910.png,3
911.png,2
912.png,3
913.png,3
914.png,3
915.png,3
916.png,2
917.png,3
918.png,3
919.png,3
920.png,2
921.png,3
922.png,3
923.png,3
924.png,2
925.png,2
926.png,3
927.png,2
928.png,3
929.png,2
930.png,2
931.png,2
932.png,2
933.png,2
934.png,3
935.png,2
936.png,2
937.png,3
938.png,3
939.png,3
940.png,2
941.png,2
942.png,2
943.png,2
944.png,2
945.png,3
946.png,3
947.png,2
948.png,3
949.png,2
950.png,2
951.png,3
952.png,3
953.png,3
954.png,2
955.png,3
956.png,2
957.png,3
958.png,3
959.png,2
960.png,3
961.png,3
962.png,3
963.png,3
964.png,3
965.png,2
966.png,2
967.png,3
968.png,3
969.png,3
970.png,2
971.png,3
972.png,2
973.png,2
974.png,3
975.png,3
976.png,3
977.png,3
978.png,3
979.png,3
980.png,3
981.png,3
982.png,3
983.png,3
984.png,2
985.png,2
986.png,2
987.png,3
988.png,2
989.png,2
990.png,2
991.png,3
992.png,2
993.png,3
994.png,3
995.png,2
996.png,3
997.png,3
998.png,2
999.png,3
1000.png,3
1001.png,3
1002.png,2
1003.png,3
1004.png,3
1005.png,2
1006.png,3
1007.png,3
1008.png,3
1009.png,3
1010.png,2
1011.png,3
1012.png,3
1013.png,3
1014.png,3
1015.png,2
1016.png,3
1017.png,2
1018.png,2
1019.png,2
1020.png,3
1021.png,3
1022.png,2
1023.png,3
1024.png,2
1025.png,2
1026.png,3
1027.png,3
1028.png,3
1029.png,3
1030.png,2
1031.png,2
1032.png,2
1033.png,3
1034.png,3
1035.png,3
1036.png,3
1037.png,3
1038.png,3
1039.png,2
1040.png,3
1041.png,3
1042.png,3
1043.png,3
1044.png,2
1045.png,2
1046.png,3
1047.png,3
1048.png,2
1049.png,3
1050.png,2
1051.png,2
1052.png,3
1053.png,2
1054.png,2
1055.png,2
1056.png,3
1057.png,3
1058.png,2
1059.png,3
1060.png,3
1061.png,3
1062.png,2
1063.png,2
1064.png,2
1065.png,2
1066.png,2
1067.png,3
1068.png,3
1069.png,2
1070.png,3
1071.png,3
1072.png,3
1073.png,2
1074.png,3
1075.png,2
1076.png,2
1077.png,3
1078.png,3
1079.png,2
1080.png,3
1081.png,3
1082.png,3
1083.png,3
1084.png,2
1085.png,3
1086.png,3
1087.png,2
1088.png,2
1089.png,3
1090.png,3
1091.png,2
1092.png,3
1093.png,3
1094.png,3
1095.png,2
1096.png,2
1097.png,2
1098.png,3
1099.png,2
1100.png,3
1101.png,3
1102.png,2
1103.png,2
1104.png,2
1105.png,3
1106.png,3
1107.png,2
1108.png,3
1109.png,3
1110.png,3
1111.png,2
1112.png,2
1113.png,2
1114.png,2
1115.png,3
1116.png,2
1117.png,2
1118.png,2
1119.png,2
1120.png,3
1121.png,3
1122.png,3
1123.png,2
1124.png,2
1125.png,3
1126.png,3
1127.png,3
1128.png,2
1129.png,3
1130.png,3
1131.png,3
1132.png,3
1133.png,3
1134.png,3
1135.png,2
1136.png,2
1137.png,2
1138.png,3
1139.png,2
1140.png,2
1141.png,2
1142.png,3
1143.png,3
1144.png,2
1145.png,3
1146.png,2
1147.png,3
1148.png,2
1149.png,3
1150.png,3
1151.png,3
1152.png,3
1153.png,3
1154.png,3
1155.png,2
1156.png,2
1157.png,2
1158.png,3
1159.png,3
1160.png,2
1161.png,2
1162.png,2
1163.png,3
1164.png,3
1165.png,3
1166.png,3
1167.png,3
1168.png,3
1169.png,3
1170.png,3
1171.png,3
1172.png,3
1173.png,3
1174.png,2
1175.png,3
1176.png,3
1177.png,3
1178.png,3
1179.png,3
1180.png,3
1181.png,2
1182.png,2
1183.png,3
1184.png,3
1185.png,3
1186.png,2
1187.png,3
1188.png,3
1189.png,3
1190.png,3
1191.png,2
1192.png,2
1193.png,3
1194.png,3
1195.png,3
1196.png,3
1197.png,3
1198.png,3
1199.png,3
1200.png,2
1201.png,3
1202.png,3
1203.png,3
1204.png,2
1205.png,2
1206.png,2
1207.png,2
1208.png,2
1209.png,3
1210.png,3
1211.png,3
1212.png,3
1213.png,2
1214.png,3
1215.png,2
1216.png,2
1217.png,2
1218.png,3
1219.png,2
1220.png,3
1221.png,3
1222.png,2
1223.png,2
1224.png,3
1225.png,3
1226.png,3
1227.png,2
1228.png,3
1229.png,3
1230.png,2
1231.png,3
1232.png,3
1233.png,3
1234.png,3
1235.png,2
1236.png,3
1237.png,3
1238.png,3
1239.png,3
1240.png,2
1241.png,3
1242.png,2
1243.png,2
1244.png,3
1245.png,2
1246.png,3
1247.png,3
1248.png,3
1249.png,3
1250.png,2
1251.png,2
1252.png,2
1253.png,3
1254.png,3
1255.png,2
1256.png,3
1257.png,3
1258.png,3
1259.png,3
1260.png,2
1261.png,3
1262.png,2
1263.png,3
1264.png,3
1265.png,3
1266.png,2
1267.png,3
1268.png,3
1269.png,3
1270.png,2
1271.png,2
1272.png,2
1273.png,3
1274.png,3
1275.png,2
1276.png,3
1277.png,2
1278.png,3
1279.png,3
1280.png,2
1281.png,3
1282.png,3
1283.png,3
1284.png,3
1285.png,2
1286.png,3
1287.png,3
1288.png,3
1289.png,2
1290.png,3
1291.png,3
1292.png,2
1293.png,3
1294.png,3
1295.png,3
1296.png,3
1297.png,3
1298.png,3
1299.png,3
1300.png,2
1301.png,2
1302.png,3
1303.png,2
1304.png,3
1305.png,3
1306.png,3
1307.png,3
1308.png,2
1309.png,3
1310.png,2
1311.png,3
1312.png,3
1313.png,3
1314.png,2
1315.png,3
1316.png,2
1317.png,2
1318.png,2
1319.png,2
1320.png,3
1321.png,3
1322.png,3
1323.png,3
1324.png,2
1325.png,2
1326.png,3
1327.png,2
1328.png,3
1329.png,3
1330.png,3
1331.png,3
1332.png,2
1333.png,2
1334.png,2
1335.png,2
1336.png,3
1337.png,2
1338.png,2
1339.png,2
1340.png,2
1341.png,3
1342.png,3
1343.png,2
1344.png,2
1345.png,2
1346.png,2
1347.png,3
1348.png,2
1349.png,2
1350.png,2
1351.png,2
1352.png,3
1353.png,2
1354.png,2
1355.png,3
1356.png,3
1357.png,3
1358.png,3
1359.png,3
1360.png,3
1361.png,3
1362.png,3
1363.png,3
1364.png,2
1365.png,3
1366.png,3
1367.png,2
1368.png,2
1369.png,3
1370.png,3
1371.png,3
1372.png,3
1373.png,3
1374.png,2
1375.png,2
1376.png,3
1377.png,3
1378.png,2
1379.png,3
1380.png,3
1381.png,3
1382.png,3
1383.png,3
1384.png,2
1385.png,2
1386.png,2
1387.png,2
1388.png,3
1389.png,3
1390.png,3
1391.png,2
1392.png,3
1393.png,3
1394.png,3
1395.png,3
1396.png,3
1397.png,2
1398.png,3
1399.png,3
1400.png,2
1401.png,3
1402.png,3
1403.png,3
1404.png,2
1405.png,2
1406.png,2
1407.png,3
1408.png,2
1409.png,2
1410.png,2
1411.png,3
1412.png,3
1413.png,3
1414.png,3
1415.png,3
1416.png,3
1417.png,3
1418.png,3
1419.png,3
1420.png,3
1421.png,3
1422.png,2
1423.png,3
1424.png,3
1425.png,3
1426.png,3
1427.png,2
1428.png,3
1429.png,3
1430.png,3
1431.png,2
1432.png,3
1433.png,3
1434.png,3
1435.png,2
1436.png,2
1437.png,2
1438.png,3
1439.png,3
1440.png,2
1441.png,2
1442.png,3
1443.png,3
1444.png,3
1445.png,3
1446.png,2
1447.png,3
1448.png,3
1449.png,3
1450.png,2
1451.png,2
1452.png,2
1453.png,3
1454.png,3
1455.png,2
1456.png,3
1457.png,3
1458.png,3
1459.png,3
1460.png,3
1461.png,3
1462.png,3
1463.png,3
1464.png,2
1465.png,3
1466.png,3
1467.png,3
1468.png,2
1469.png,3
1470.png,2
1471.png,2
1472.png,3
1473.png,3
1474.png,2
1475.png,3
1476.png,3
1477.png,2
1478.png,2
1479.png,3
1480.png,3
1481.png,3
1482.png,3
1483.png,3
1484.png,3
1485.png,3
1486.png,3
1487.png,3
1488.png,3
1489.png,3
1490.png,3
1491.png,3
1492.png,3
1493.png,3
1494.png,3
1495.png,3
1496.png,2
1497.png,2
1498.png,3
1499.png,2
1500.png,3
1501.png,3
1502.png,2
1503.png,2
1504.png,2
1505.png,3
1506.png,2
1507.png,2
1508.png,3
1509.png,2
1510.png,3
1511.png,3
1512.png,3
1513.png,3
1514.png,3
1515.png,2
1516.png,3
1517.png,2
1518.png,3
1519.png,3
1520.png,3
1521.png,3
1522.png,3
1523.png,2
1524.png,2
1525.png,2
1526.png,3
1527.png,2
1528.png,3
1529.png,2
1530.png,3
1531.png,3
1532.png,3
1533.png,3
1534.png,3
1535.png,2
1536.png,3
1537.png,3
1538.png,3
1539.png,2
1540.png,2
1541.png,2
1542.png,3
1543.png,2
1544.png,3
1545.png,3
1546.png,2
1547.png,3
1548.png,2
1549.png,3
1550.png,2
1551.png,3
1552.png,2
1553.png,3
1554.png,2
1555.png,2
1556.png,2
1557.png,3
1558.png,3
1559.png,2
1560.png,2
1561.png,2
1562.png,3
1563.png,3
1564.png,3
1565.png,2
1566.png,3
1567.png,2
1568.png,3
1569.png,3
1570.png,3
1571.png,3
1572.png,2
1573.png,3
1574.png,2
1575.png,2
1576.png,2
1577.png,3
1578.png,3
1579.png,3
1580.png,2
1581.png,3
1582.png,3
1583.png,2
1584.png,2
1585.png,3
1586.png,3
1587.png,3
1588.png,3
1589.png,3
1590.png,2
1591.png,3
1592.png,2
1593.png,2
1594.png,2
1595.png,3
1596.png,2
1597.png,3
1598.png,3
1599.png,2
1600.png,3
1601.png,3
1602.png,3
1603.png,3
1604.png,3
1605.png,2
1606.png,3
1607.png,3
1608.png,2
1609.png,3
1610.png,3
1611.png,3
1612.png,2
1613.png,3
1614.png,3
1615.png,3
1616.png,3
1617.png,3
1618.png,3
1619.png,3
1620.png,3
1621.png,3
1622.png,2
1623.png,3
1624.png,3
1625.png,3
1626.png,3
1627.png,3
1628.png,3
1629.png,2
1630.png,3
1631.png,3
1632.png,2
1633.png,3
1634.png,3
1635.png,3
1636.png,3
1637.png,2
1638.png,2
1639.png,2
1640.png,3
1641.png,3
1642.png,3
1643.png,3
1644.png,3
1645.png,2
1646.png,3
1647.png,3
1648.png,3
1649.png,3
1650.png,3
1651.png,2
1652.png,3
1653.png,2
1654.png,2
1655.png,2
1656.png,2
1657.png,3
1658.png,2
1659.png,3
1660.png,3
1661.png,2
1662.png,2
1663.png,3
1664.png,3
1665.png,3
1666.png,2
1667.png,3
1668.png,2
1669.png,3
1670.png,3
1671.png,2
1672.png,3
1673.png,3
1674.png,2
1675.png,2
1676.png,2
1677.png,3
1678.png,3
1679.png,2
1680.png,3
1681.png,3
1682.png,3
1683.png,3
1684.png,3
1685.png,2
1686.png,3
1687.png,3
1688.png,3
1689.png,3
1690.png,2
1691.png,2
1692.png,2
1693.png,2
1694.png,2
1695.png,3
1696.png,2
1697.png,2
1698.png,3
1699.png,2
1700.png,3
1701.png,3
1702.png,2
1703.png,2
1704.png,2
1705.png,2
1706.png,2
1707.png,2
1708.png,2
1709.png,2
1710.png,2
1711.png,3
1712.png,2
1713.png,2
1714.png,2
1715.png,3
1716.png,3
1717.png,2
1718.png,3
1719.png,3
1720.png,3
1721.png,2
1722.png,3
1723.png,2
1724.png,3
1725.png,3
1726.png,3
1727.png,3
1728.png,3
1729.png,2
1730.png,3
1731.png,3
1732.png,3
1733.png,3
1734.png,3
1735.png,2
1736.png,3
1737.png,2
1738.png,3
1739.png,3
1740.png,2
1741.png,3
1742.png,3
1743.png,2
1744.png,3
1745.png,3
1746.png,3
1747.png,3
1748.png,2
1749.png,3
1750.png,2
1751.png,3
1752.png,3
1753.png,2
1754.png,3
1755.png,3
1756.png,2
1757.png,2
1758.png,3
1759.png,2
1760.png,3
1761.png,2
1762.png,2
1763.png,2
1764.png,2
1765.png,3
1766.png,2
1767.png,3
1768.png,3
1769.png,3
1770.png,2
1771.png,2
1772.png,3
1773.png,3
1774.png,2
1775.png,3
1776.png,3
1777.png,3
1778.png,2
1779.png,3
1780.png,3
1781.png,3
1782.png,2
1783.png,3
1784.png,2
1785.png,2
1786.png,2
1787.png,3
1788.png,3
1789.png,2
1790.png,3
1791.png,3
1792.png,3
1793.png,2
1794.png,2
1795.png,3
1796.png,3
1797.png,3
1798.png,2
1799.png,3
1800.png,3
1801.png,3
1802.png,3
1803.png,3
1804.png,2
1805.png,3
1806.png,3
1807.png,3
1808.png,3
1809.png,2
1810.png,3
1811.png,3
1812.png,2
1813.png,2
1814.png,2
1815.png,3
1816.png,2
1817.png,2
1818.png,2
1819.png,2
1820.png,2
1821.png,3
1822.png,2
1823.png,2
1824.png,2
1825.png,2
1826.png,3
1827.png,3
1828.png,3
1829.png,3
1830.png,2
1831.png,2
1832.png,3
1833.png,2
1834.png,3
1835.png,2
1836.png,3
1837.png,2
1838.png,2
1839.png,2
1840.png,3
1841.png,2
1842.png,2
1843.png,3
1844.png,3
1845.png,3
1846.png,2
1847.png,2
1848.png,3
1849.png,3
1850.png,3
1851.png,3
1852.png,3
1853.png,3
1854.png,3
1855.png,3
1856.png,3
1857.png,3
1858.png,3
1859.png,3
1860.png,3
1861.png,2
1862.png,3
1863.png,2
1864.png,2
1865.png,2
1866.png,3
1867.png,2
1868.png,3
1869.png,3
1870.png,3
1871.png,2
1872.png,2
1873.png,2
1874.png,2
1875.png,2
1876.png,2
1877.png,3
1878.png,2
1879.png,2
1880.png,2
1881.png,2
1882.png,3
1883.png,2
1884.png,3
1885.png,3
1886.png,2
1887.png,3
1888.png,2
1889.png,3
1890.png,3
1891.png,3
1892.png,3
1893.png,3
1894.png,2
1895.png,2
1896.png,2
1897.png,2
1898.png,2
1899.png,2
1900.png,2
1901.png,2
1902.png,3
1903.png,2
1904.png,2
1905.png,2
1906.png,2
1907.png,2
1908.png,3
1909.png,2
1910.png,3
1911.png,2
1912.png,3
1913.png,3
1914.png,2
1915.png,2
1916.png,2
1917.png,3
1918.png,3
1919.png,2
1920.png,3
1921.png,2
1922.png,2
1923.png,3
1924.png,2
1925.png,3
1926.png,3
1927.png,3
1928.png,3
1929.png,3
1930.png,2
1931.png,2
1932.png,2
1933.png,2
1934.png,2
1935.png,3
1936.png,2
1937.png,2
1938.png,3
1939.png,3
1940.png,3
1941.png,2
1942.png,3
1943.png,2
1944.png,2
1945.png,3
1946.png,3
1947.png,3
1948.png,3
1949.png,3
1950.png,2
1951.png,2
1952.png,2
1953.png,2
1954.png,3
1955.png,3
1956.png,2
1957.png,2
1958.png,3
1959.png,3
1960.png,2
1961.png,3
1962.png,3
1963.png,2
1964.png,3
1965.png,2
1966.png,2
1967.png,3
1968.png,3
1969.png,0
1970.png,2
1971.png,3
1972.png,3
1973.png,2
1974.png,3
1975.png,3
1976.png,3
1977.png,3
1978.png,3
1979.png,3
1980.png,2
1981.png,2
1982.png,3
1983.png,3
1984.png,3
1985.png,3
1986.png,2
1987.png,2
1988.png,3
1989.png,2
1990.png,3
1991.png,2
1992.png,3
1993.png,2
1994.png,3
1995.png,3
1996.png,2
1997.png,2
1998.png,2
1999.png,2
2000.png,2
2001.png,2
2002.png,2
2003.png,3
2004.png,2
2005.png,3
2006.png,3
2007.png,3
2008.png,2
2009.png,3
2010.png,3
2011.png,3
2012.png,3
2013.png,2
2014.png,2
2015.png,3
2016.png,2
2017.png,3
2018.png,2
2019.png,3
2020.png,3
2021.png,3
2022.png,2
2023.png,3
2024.png,2
2025.png,3
2026.png,2
2027.png,2
2028.png,3
2029.png,2
2030.png,3
2031.png,3
2032.png,2
2033.png,3
2034.png,3
2035.png,2
2036.png,2
2037.png,2
2038.png,3
2039.png,3
2040.png,2
2041.png,3
2042.png,2
2043.png,2
2044.png,2
2045.png,3
2046.png,3
2047.png,3
2048.png,3
2049.png,3
2050.png,3
2051.png,3
2052.png,3
2053.png,2
2054.png,3
2055.png,2
2056.png,3
2057.png,3
2058.png,3
2059.png,2
2060.png,3
2061.png,2
2062.png,2
2063.png,2
2064.png,2
2065.png,2
2066.png,2
2067.png,2
2068.png,2
2069.png,2
2070.png,2
2071.png,3
2072.png,2
2073.png,3
2074.png,3
2075.png,3
2076.png,3
2077.png,3
2078.png,3
2079.png,3
2080.png,3
2081.png,2
2082.png,3
2083.png,3
2084.png,2
2085.png,3
2086.png,2
2087.png,2
2088.png,3
2089.png,3
2090.png,3
2091.png,2
2092.png,2
2093.png,3
2094.png,2
2095.png,2
2096.png,2
2097.png,2
2098.png,3
2099.png,3
2100.png,3
2101.png,2
2102.png,3
2103.png,3
2104.png,2
2105.png,2
2106.png,2
2107.png,2
2108.png,3
2109.png,3
2110.png,3
2111.png,3
2112.png,3
2113.png,2
2114.png,2
2115.png,2
2116.png,3
2117.png,2
2118.png,3
2119.png,3
2120.png,3
2121.png,3
2122.png,2
2123.png,3
2124.png,2
2125.png,3
2126.png,2
2127.png,3
2128.png,3
2129.png,2
2130.png,2
2131.png,2
2132.png,2
2133.png,2
2134.png,3
2135.png,3
2136.png,2
2137.png,2
2138.png,3
2139.png,3
2140.png,3
2141.png,2
2142.png,3
2143.png,3
2144.png,2
2145.png,3
2146.png,3
2147.png,2
2148.png,3
2149.png,3
2150.png,3
2151.png,3
2152.png,3
2153.png,3
2154.png,2
2155.png,3
2156.png,2
2157.png,2
2158.png,3
2159.png,3
2160.png,3
2161.png,3
2162.png,3
2163.png,2
2164.png,2
2165.png,2
2166.png,3
2167.png,3
2168.png,3
2169.png,3
2170.png,3
2171.png,3
2172.png,3
2173.png,2
2174.png,3
2175.png,3
2176.png,3
2177.png,3
2178.png,3
2179.png,3
2180.png,2
2181.png,2
2182.png,3
2183.png,3
2184.png,2
2185.png,3
2186.png,2
2187.png,2
2188.png,2
2189.png,2
2190.png,2
2191.png,2
2192.png,2
2193.png,3
2194.png,2
2195.png,2
2196.png,2
2197.png,2
2198.png,3
2199.png,3
2200.png,2
2201.png,2
2202.png,3
2203.png,3
2204.png,3
2205.png,3
2206.png,3
2207.png,2
2208.png,3
2209.png,3
2210.png,2
2211.png,2
2212.png,3
2213.png,3
2214.png,2
2215.png,2
2216.png,2
2217.png,2
2218.png,3
2219.png,3
2220.png,2
2221.png,2
2222.png,2
2223.png,2
2224.png,2
2225.png,2
2226.png,2
2227.png,2
2228.png,3
2229.png,2
2230.png,3
2231.png,2
2232.png,2
2233.png,3
2234.png,2
2235.png,3
2236.png,3
2237.png,3
2238.png,2
2239.png,3
2240.png,3
2241.png,2
2242.png,2
2243.png,3
2244.png,3
2245.png,2
2246.png,3
2247.png,3
2248.png,3
2249.png,3
2250.png,3
2251.png,3
2252.png,3
2253.png,2
2254.png,2
2255.png,3
2256.png,2
2257.png,3
2258.png,2
2259.png,2
2260.png,2
2261.png,2
2262.png,2
2263.png,2
2264.png,3
2265.png,3
2266.png,2
2267.png,3
2268.png,3
2269.png,3
2270.png,3
2271.png,2
2272.png,3
2273.png,3
2274.png,3
2275.png,3
2276.png,3
2277.png,3
2278.png,3
2279.png,2
2280.png,2
2281.png,2
2282.png,2
2283.png,2
2284.png,2
2285.png,3
2286.png,2
2287.png,3
2288.png,2
2289.png,2
2290.png,2
2291.png,2
2292.png,3
2293.png,2
2294.png,2
2295.png,2
2296.png,3
2297.png,3
2298.png,3
2299.png,3
2300.png,2
2301.png,3
2302.png,2
2303.png,2
2304.png,3
2305.png,3
2306.png,3
2307.png,3
2308.png,2
2309.png,3
2310.png,2
2311.png,3
2312.png,2
2313.png,2
2314.png,2
2315.png,2
2316.png,2
2317.png,2
2318.png,2
2319.png,3
2320.png,2
2321.png,3
2322.png,3
2323.png,3
2324.png,2
2325.png,2
2326.png,3
2327.png,2
2328.png,2
2329.png,2
2330.png,2
2331.png,2
2332.png,2
2333.png,2
2334.png,2
2335.png,3
2336.png,3
2337.png,3
2338.png,3
2339.png,2
2340.png,3
2341.png,2
2342.png,2
2343.png,3
2344.png,3
2345.png,2
2346.png,2
2347.png,3
2348.png,2
2349.png,2
2350.png,3
2351.png,3
2352.png,3
2353.png,3
2354.png,3
2355.png,3
2356.png,3
2357.png,3
2358.png,3
2359.png,3
2360.png,3
2361.png,3
2362.png,3
2363.png,3
2364.png,3
2365.png,3
2366.png,2
2367.png,3
2368.png,2
2369.png,3
2370.png,3
2371.png,3
2372.png,2
2373.png,3
2374.png,3
2375.png,3
2376.png,3
2377.png,2
2378.png,2
2379.png,2
2380.png,2
2381.png,2
2382.png,3
2383.png,2
2384.png,2
2385.png,2
2386.png,2
2387.png,2
2388.png,2
2389.png,3
2390.png,3
2391.png,2
2392.png,2
2393.png,2
2394.png,2
2395.png,2
2396.png,2
2397.png,2
2398.png,2
2399.png,2
2400.png,3
2401.png,3
2402.png,3
2403.png,3
2404.png,3
2405.png,3
2406.png,3
2407.png,3
2408.png,3
2409.png,3
2410.png,2
2411.png,3
2412.png,2
2413.png,3
2414.png,3
2415.png,2
2416.png,3
2417.png,2
2418.png,3
2419.png,3
2420.png,3
2421.png,3
2422.png,3
2423.png,3
2424.png,3
2425.png,3
2426.png,3
2427.png,3
2428.png,3
2429.png,3
2430.png,3
2431.png,3
2432.png,3
2433.png,3
2434.png,3
2435.png,3
2436.png,2
2437.png,2
2438.png,3
2439.png,3
2440.png,3
2441.png,3
2442.png,2
2443.png,2
2444.png,3
2445.png,2
2446.png,3
2447.png,2
2448.png,2
2449.png,3
2450.png,3
2451.png,2
2452.png,2
2453.png,2
2454.png,3
2455.png,3
2456.png,3
2457.png,3
2458.png,3
2459.png,2
2460.png,2
2461.png,2
2462.png,2
2463.png,3
2464.png,3
2465.png,3
2466.png,3
2467.png,2
2468.png,3
2469.png,3
2470.png,2
2471.png,3
2472.png,3
2473.png,3
2474.png,2
2475.png,2
2476.png,2
2477.png,3
2478.png,2
2479.png,2
2480.png,3
2481.png,3
2482.png,2
2483.png,0
2484.png,3
2485.png,2
2486.png,3
2487.png,3
2488.png,2
2489.png,3
2490.png,3
2491.png,3
2492.png,3
2493.png,3
2494.png,3
2495.png,3
2496.png,2
2497.png,3
2498.png,3
2499.png,2
2500.png,2
2501.png,3
2502.png,2
2503.png,2
2504.png,2
2505.png,2
2506.png,2
2507.png,3
2508.png,3
2509.png,3
2510.png,3
2511.png,2
2512.png,3
2513.png,3
2514.png,2
2515.png,3
2516.png,3
2517.png,3
2518.png,2
2519.png,3
2520.png,3
2521.png,3
2522.png,2
2523.png,2
2524.png,3
2525.png,2
2526.png,2
2527.png,3
2528.png,3
2529.png,2
2530.png,3
2531.png,2
2532.png,3
2533.png,3
2534.png,3
2535.png,3
2536.png,2
2537.png,2
2538.png,2
2539.png,3
2540.png,2
2541.png,3
2542.png,3
2543.png,3
2544.png,3
2545.png,3
2546.png,3
2547.png,3
2548.png,3
2549.png,3
2550.png,3
2551.png,3
2552.png,3
2553.png,2
2554.png,2
2555.png,3
2556.png,2
2557.png,2
2558.png,2
2559.png,2
2560.png,2
2561.png,3
2562.png,2
2563.png,3
2564.png,3
2565.png,3
2566.png,3
2567.png,3
2568.png,3
2569.png,3
2570.png,2
2571.png,3
2572.png,3
2573.png,2
2574.png,3
2575.png,2
2576.png,3
2577.png,2
2578.png,3
2579.png,2
2580.png,3
2581.png,2
2582.png,2
2583.png,3
2584.png,2
2585.png,3
2586.png,3
2587.png,2
2588.png,3
2589.png,2
2590.png,2
2591.png,2
2592.png,3
2593.png,2
2594.png,2
2595.png,3
2596.png,2
2597.png,2
2598.png,3
2599.png,2
2600.png,3
2601.png,3
2602.png,3
2603.png,3
2604.png,3
2605.png,2
2606.png,2
2607.png,2
2608.png,3
2609.png,3
2610.png,3
2611.png,2
2612.png,2
2613.png,2
2614.png,2
2615.png,2
2616.png,2
2617.png,3
2618.png,3
2619.png,3
2620.png,3
2621.png,3
2622.png,2
2623.png,3
2624.png,3
2625.png,3
2626.png,3
2627.png,2
2628.png,2
2629.png,3
2630.png,3
2631.png,2
2632.png,3
2633.png,2
2634.png,3
2635.png,2
2636.png,3
2637.png,2
2638.png,2
2639.png,2
2640.png,3
2641.png,3
2642.png,3
2643.png,3
2644.png,3
2645.png,3
2646.png,3
2647.png,3
2648.png,2
2649.png,2
2650.png,2
2651.png,2
2652.png,2
2653.png,2
2654.png,3
2655.png,3
2656.png,3
2657.png,2
2658.png,3
2659.png,3
2660.png,3
2661.png,3
2662.png,3
2663.png,3
2664.png,3
2665.png,3
2666.png,3
2667.png,3
2668.png,3
2669.png,2
2670.png,3
2671.png,3
2672.png,3
2673.png,2
2674.png,2
2675.png,3
2676.png,2
2677.png,2
2678.png,2
2679.png,2
2680.png,2
2681.png,2
2682.png,3
2683.png,2
2684.png,3
2685.png,2
2686.png,2
2687.png,3
2688.png,3
2689.png,3
2690.png,3
2691.png,2
2692.png,2
2693.png,2
2694.png,3
2695.png,3
2696.png,2
2697.png,3
2698.png,3
2699.png,2
2700.png,2
2701.png,2
2702.png,2
2703.png,3
2704.png,3
2705.png,2
2706.png,3
2707.png,2
2708.png,3
2709.png,2
2710.png,3
2711.png,3
2712.png,3
2713.png,3
2714.png,2
2715.png,3
2716.png,3
2717.png,3
2718.png,3
2719.png,3
2720.png,3
2721.png,3
2722.png,3
2723.png,2
2724.png,3
2725.png,3
2726.png,2
2727.png,2
2728.png,2
2729.png,2
2730.png,3
2731.png,3
2732.png,2
2733.png,2
2734.png,2
2735.png,2
2736.png,3
2737.png,2
2738.png,2
2739.png,3
2740.png,3
2741.png,3
2742.png,3
2743.png,2
2744.png,3
2745.png,2
2746.png,3
2747.png,3
2748.png,2
2749.png,2
2750.png,3
2751.png,2
2752.png,2
2753.png,2
2754.png,2
2755.png,2
2756.png,3
2757.png,3
2758.png,3
2759.png,3
2760.png,3
2761.png,3
2762.png,3
2763.png,3
2764.png,3
2765.png,3
2766.png,3
2767.png,3
2768.png,3
2769.png,2
2770.png,2
2771.png,3
2772.png,3
2773.png,2
2774.png,3
2775.png,2
2776.png,2
2777.png,3
2778.png,3
2779.png,3
2780.png,3
2781.png,2
2782.png,3
2783.png,2
2784.png,3
2785.png,2
2786.png,2
2787.png,3
2788.png,3
2789.png,3
2790.png,3
2791.png,3
2792.png,2
2793.png,2
2794.png,3
2795.png,3
2796.png,2
2797.png,2
2798.png,3
2799.png,3
2800.png,2
2801.png,3
2802.png,3
2803.png,3
2804.png,2
2805.png,2
2806.png,2
2807.png,2
2808.png,3
2809.png,2
2810.png,3
2811.png,3
2812.png,3
2813.png,3
2814.png,2
2815.png,2
2816.png,3
2817.png,2
2818.png,3
2819.png,3
2820.png,0
2821.png,3
2822.png,2
2823.png,2
2824.png,2
2825.png,3
2826.png,2
2827.png,3
2828.png,2
2829.png,2
2830.png,2
2831.png,3
2832.png,3
2833.png,3
2834.png,3
2835.png,3
2836.png,3
2837.png,3
2838.png,3
2839.png,3
2840.png,2
2841.png,2
2842.png,2
2843.png,2
2844.png,3
2845.png,2
2846.png,2
2847.png,2
2848.png,2
2849.png,3
2850.png,2
2851.png,3
2852.png,3
2853.png,3
2854.png,2
2855.png,2
2856.png,3
2857.png,3
2858.png,2
2859.png,3
2860.png,2
2861.png,2
2862.png,3
2863.png,3
2864.png,3
2865.png,2
2866.png,2
2867.png,2
2868.png,3
2869.png,2
2870.png,3
2871.png,3
2872.png,3
2873.png,3
2874.png,0
2875.png,3
2876.png,2
2877.png,2
2878.png,3
2879.png,2
2880.png,2
2881.png,2
2882.png,3
2883.png,3
2884.png,2
2885.png,2
2886.png,2
2887.png,3
2888.png,3
2889.png,3
2890.png,3
2891.png,3
2892.png,3
2893.png,2
2894.png,2
2895.png,2
2896.png,3
2897.png,3
2898.png,3
2899.png,3
2900.png,3
2901.png,3
2902.png,3
2903.png,2
2904.png,2
2905.png,3
2906.png,2
2907.png,2
2908.png,2
2909.png,2
2910.png,2
2911.png,3
2912.png,3
2913.png,3
2914.png,2
2915.png,2
2916.png,2
2917.png,3
2918.png,2
2919.png,2
2920.png,3
2921.png,3
2922.png,2
2923.png,2
2924.png,2
2925.png,2
2926.png,2
2927.png,2
2928.png,2
2929.png,3
2930.png,2
2931.png,3
2932.png,3
2933.png,2
2934.png,2
2935.png,3
2936.png,3
2937.png,3
2938.png,3
2939.png,3
2940.png,2
2941.png,2
2942.png,3
2943.png,3
2944.png,3
2945.png,3
2946.png,2
2947.png,2
2948.png,2
2949.png,2
2950.png,3
2951.png,3
2952.png,3
2953.png,3
2954.png,3
2955.png,3
2956.png,2
2957.png,3
2958.png,3
2959.png,2
2960.png,3
2961.png,3
2962.png,2
2963.png,2
2964.png,3
2965.png,3
2966.png,3
2967.png,2
2968.png,2
2969.png,3
2970.png,3
2971.png,2
2972.png,2
2973.png,3
2974.png,3
2975.png,3
2976.png,3
2977.png,2
2978.png,3
2979.png,2
2980.png,2
2981.png,2
2982.png,2
2983.png,2
2984.png,3
2985.png,3
2986.png,3
2987.png,2
2988.png,3
2989.png,2
2990.png,2
2991.png,2
2992.png,2
2993.png,2
2994.png,3
2995.png,3
2996.png,3
2997.png,3
2998.png,3
2999.png,2
3000.png,3
3001.png,3
3002.png,2
3003.png,3
3004.png,2
3005.png,3
3006.png,3
3007.png,2
3008.png,2
3009.png,2
3010.png,3
3011.png,3
3012.png,3
3013.png,3
3014.png,3
3015.png,3
3016.png,3
3017.png,3
3018.png,3
3019.png,3
3020.png,3
3021.png,3
3022.png,3
3023.png,2
3024.png,3
3025.png,3
3026.png,3
3027.png,3
3028.png,2
3029.png,3
3030.png,3
3031.png,3
3032.png,3
3033.png,2
3034.png,3
3035.png,2
3036.png,2
3037.png,3
3038.png,3
3039.png,3
3040.png,2
3041.png,2
3042.png,2
3043.png,2
3044.png,3
3045.png,3
3046.png,3
3047.png,2
3048.png,3
3049.png,3
3050.png,3
3051.png,3
3052.png,3
3053.png,3
3054.png,3
3055.png,3
3056.png,3
3057.png,3
3058.png,3
3059.png,3
3060.png,2
3061.png,2
3062.png,2
3063.png,3
3064.png,2
3065.png,2
3066.png,2
3067.png,2
3068.png,2
3069.png,3
3070.png,3
3071.png,3
3072.png,3
3073.png,3
3074.png,2
3075.png,3
3076.png,3
3077.png,3
3078.png,3
3079.png,3
3080.png,3
3081.png,3
3082.png,3
3083.png,2
3084.png,2
3085.png,2
3086.png,3
3087.png,3
3088.png,3
3089.png,3
3090.png,2
3091.png,3
3092.png,3
3093.png,3
3094.png,2
3095.png,3
3096.png,3
3097.png,3
3098.png,2
3099.png,2
3100.png,0
3101.png,0
3102.png,3
3103.png,2
3104.png,2
3105.png,2
3106.png,3
3107.png,2
3108.png,2
3109.png,2
3110.png,3
3111.png,3
3112.png,3
3113.png,3
3114.png,3
3115.png,3
3116.png,3
3117.png,2
3118.png,3
3119.png,3
3120.png,2
3121.png,3
3122.png,3
3123.png,3
3124.png,2
3125.png,2
3126.png,2
3127.png,3
3128.png,3
3129.png,3
3130.png,2
3131.png,3
3132.png,2
3133.png,3
3134.png,2
3135.png,3
3136.png,2
3137.png,3
3138.png,3
3139.png,3
3140.png,3
3141.png,3
3142.png,3
3143.png,3
3144.png,3
3145.png,3
3146.png,2
3147.png,3
3148.png,3
3149.png,3
3150.png,2
3151.png,3
3152.png,3
3153.png,2
3154.png,3
3155.png,3
3156.png,2
3157.png,2
3158.png,3
3159.png,2
3160.png,3
3161.png,2
3162.png,3
3163.png,2
3164.png,3
3165.png,3
3166.png,3
3167.png,3
3168.png,3
3169.png,3
3170.png,3
3171.png,3
3172.png,2
3173.png,3
3174.png,2
3175.png,3
3176.png,3
3177.png,3
3178.png,3
3179.png,3
3180.png,3
3181.png,3
3182.png,3
3183.png,3
3184.png,3
3185.png,3
3186.png,3
3187.png,3
3188.png,3
3189.png,3
3190.png,2
3191.png,3
3192.png,3
3193.png,3
3194.png,2
3195.png,3
3196.png,3
3197.png,2
3198.png,2
3199.png,3
3200.png,3
3201.png,2
3202.png,2
3203.png,2
3204.png,2
3205.png,2
3206.png,3
3207.png,2
3208.png,2
3209.png,3
3210.png,3
3211.png,3
3212.png,2
3213.png,2
3214.png,3
3215.png,3
3216.png,3
3217.png,2
3218.png,3
3219.png,3
3220.png,3
3221.png,2
3222.png,3
3223.png,2
3224.png,3
3225.png,3
3226.png,3
3227.png,3
3228.png,2
3229.png,3
3230.png,3
3231.png,3
3232.png,3
3233.png,3
3234.png,2
3235.png,3
3236.png,3
3237.png,3
3238.png,2
3239.png,2
3240.png,2
3241.png,3
3242.png,3
3243.png,3
3244.png,2
3245.png,3
3246.png,3
3247.png,2
3248.png,2
3249.png,3
3250.png,2
3251.png,3
3252.png,2
3253.png,2
3254.png,2
3255.png,3
3256.png,2
3257.png,3
3258.png,3
3259.png,2
3260.png,3
3261.png,3
3262.png,3
3263.png,3
3264.png,3
3265.png,3
3266.png,2
3267.png,3
3268.png,2
3269.png,3
3270.png,3
3271.png,2
3272.png,3
3273.png,2
3274.png,2
3275.png,3
3276.png,3
3277.png,3
3278.png,3
3279.png,2
3280.png,3
3281.png,2
3282.png,3
3283.png,3
3284.png,2
3285.png,3
3286.png,2
3287.png,3
3288.png,3
3289.png,3
3290.png,2
3291.png,3
3292.png,3
3293.png,2
3294.png,3
3295.png,2
3296.png,3
3297.png,3
3298.png,3
3299.png,3
3300.png,3
3301.png,3
3302.png,3
3303.png,3
3304.png,3
3305.png,2
3306.png,2
3307.png,3
3308.png,3
3309.png,3
3310.png,3
3311.png,3
3312.png,3
3313.png,3
3314.png,3
3315.png,3
3316.png,3
3317.png,3
3318.png,3
3319.png,3
3320.png,3
3321.png,3
3322.png,2
3323.png,3
3324.png,3
3325.png,3
3326.png,2
3327.png,3
3328.png,3
3329.png,3
3330.png,3
3331.png,3
3332.png,3
3333.png,3
3334.png,2
3335.png,3
3336.png,3
3337.png,3
3338.png,3
3339.png,2
3340.png,3
3341.png,2
3342.png,2
3343.png,3
3344.png,3
3345.png,2
3346.png,3
3347.png,2
3348.png,3
3349.png,3
3350.png,2
3351.png,2
3352.png,2
3353.png,2
3354.png,2
3355.png,3
3356.png,2
3357.png,2
3358.png,2
3359.png,3
3360.png,2
3361.png,3
3362.png,3
3363.png,3
3364.png,3
3365.png,3
3366.png,3
3367.png,3
3368.png,3
3369.png,2
3370.png,2
3371.png,3
3372.png,3
3373.png,3
3374.png,2
3375.png,3
3376.png,2
3377.png,2
3378.png,3
3379.png,3
3380.png,3
3381.png,3
3382.png,2
3383.png,2
3384.png,2
3385.png,3
3386.png,2
3387.png,3
3388.png,2
3389.png,3
3390.png,3
3391.png,3
3392.png,3
3393.png,3
3394.png,3
3395.png,3
3396.png,2
3397.png,2
3398.png,3
3399.png,3
3400.png,2
3401.png,2
3402.png,2
3403.png,2
3404.png,3
3405.png,3
3406.png,3
3407.png,3
3408.png,2
3409.png,3
3410.png,2
3411.png,2
3412.png,2
3413.png,2
3414.png,2
3415.png,2
3416.png,2
3417.png,3
3418.png,3
3419.png,2
3420.png,3
3421.png,3
3422.png,2
3423.png,2
3424.png,3
3425.png,2
3426.png,2
3427.png,3
3428.png,3
3429.png,3
3430.png,3
3431.png,3
3432.png,3
3433.png,2
3434.png,3
3435.png,3
3436.png,2
3437.png,2
3438.png,2
3439.png,3
3440.png,3
3441.png,3
3442.png,2
3443.png,3
3444.png,3
3445.png,3
3446.png,3
3447.png,2
3448.png,3
3449.png,2
3450.png,2
3451.png,3
3452.png,2
3453.png,2
3454.png,2
3455.png,2
3456.png,2
3457.png,2
3458.png,3
3459.png,3
3460.png,3
3461.png,2
3462.png,2
3463.png,3
3464.png,3
3465.png,2
3466.png,2
3467.png,2
3468.png,3
3469.png,3
3470.png,3
3471.png,2
3472.png,2
3473.png,2
3474.png,3
3475.png,3
3476.png,3
3477.png,2
3478.png,3
3479.png,3
3480.png,3
3481.png,2
3482.png,3
3483.png,3
3484.png,2
3485.png,2
3486.png,2
3487.png,3
3488.png,3
3489.png,3
3490.png,2
3491.png,2
3492.png,2
3493.png,2
3494.png,2
3495.png,3
3496.png,3
3497.png,3
3498.png,2
3499.png,3
